複数のAzureサブスクリプションを使用してさまざまなプロジェクトを管理している組織が、すべてのサブスクリプション間でコストを追跡・分析し、各プロジェクトに費用を割り当てたい。詳細なレポート作成を可能にしつつ、管理作業は最小限に抑えたい。この要件を満たすために導入すべき機能はどれか。(2つ選択)|Azure 管理グループ|リソースタグ|Azure ブループリント|Azure 予算|||||A B|Azure 管理グループは複数のサブスクリプションを階層的にまとめて管理でき、管理グループ単位でAzure Cost Managementのコスト分析を行うことができるため、複数サブスクリプション全体のコストを一元的に可視化できる。リソースタグはキーと値のペアでリソースを分類でき、プロジェクト名や部門などのタグを付与することで、Cost Managementでタグ単位のコスト分析が可能になり、プロジェクトごとの費用配分を実現できる。Azure ブループリントは環境の標準化やポリシー展開を目的とした機能であり、コスト追跡の直接的な手段ではない。Azure 予算はコストのアラートや上限管理を行う機能であり、複数サブスクリプションの詳細なコスト分析やプロジェクト単位の分類には適さない。したがって正解はAzure 管理グループとリソースタグである。|AZ-900 / Azure コスト管理|Azure::CostManagement Azure::ManagementGroups Azure::Tags Cloud::CostManagement
オンプレミスでホストされている内部Webアプリケーション（統合Windows認証を使用）に、VPNを使用せずリモートユーザーからアクセスさせたい。組織はオンプレミスActive DirectoryとAzure Active Directoryを併用している。リモートユーザーにシームレスな認証を提供するために導入すべき機能はどれか。(2つ選択)|Azure AD アプリケーションプロキシ|Azure AD ドメインサービス|Azure AD B2B コラボレーション|Azure AD MFAによる条件付きアクセス|||||A D|Azure AD アプリケーションプロキシは、オンプレミスでホストされているWebアプリケーションをAzure AD経由で安全に公開し、VPNを使用せずにリモートユーザーがアクセスできるようにする機能である。さらに統合Windows認証(IWA)やシングルサインオンをサポートしており、ユーザーはAzure ADで認証するだけで内部アプリケーションにシームレスにアクセスできる。Azure AD MFAによる条件付きアクセスは、ユーザーの場所・デバイス・リスクレベルなどの条件に応じて多要素認証を要求でき、リモートアクセス時のセキュリティを強化できる。Azure AD ドメインサービスはマネージドドメインを提供するサービスであり、このシナリオのようなオンプレミスWebアプリの公開には直接必要ない。Azure AD B2B コラボレーションは外部ユーザー招待の機能であり、内部Webアプリへのリモートアクセスの実現とは関係がない。したがって正解はAとDである。|AZ-104 / Azure AD アプリケーションアクセス|Azure::ActiveDirectory Azure::ApplicationProxy Azure::ConditionalAccess Azure::MFA Security::IdentityAccess
Azure仮想ネットワークのセキュリティ管理者として、特定のリソースに対するインバウンドトラフィックを制御する必要がある。特定のIPアドレスの一覧からのトラフィックのみを許可し、それ以外のすべてのソースからのアクセスを拒否したい。この要件を満たすために実装すべき構成はどれか。|すべてのトラフィックを拒否し、特定のIPアドレスからのトラフィックのみを許可するインバウンドルールを持つネットワークセキュリティグループ(NSG)を作成する|Azure Firewall を展開し、アプリケーションルールで特定のIPアドレスのみを許可する|UDR を使用してトラフィックをネットワーク仮想アプライアンスにリダイレクトするルートテーブルを構成する|Azure Front Door を実装し、特定IPのみ許可するカスタムルールを設定する|||||A|ネットワークセキュリティグループ(NSG)は、サブネットまたはネットワークインターフェースに適用できるAzureの基本的なネットワークセキュリティ機能であり、IPアドレス・ポート・プロトコルに基づいてインバウンドおよびアウトバウンドトラフィックを制御できる。特定のIPアドレスからのアクセスを許可するルールを作成し、それ以外のトラフィックを拒否することで、特定の送信元のみアクセス可能にできる。Azure Firewallはより高度なネットワークおよびアプリケーションレベルのセキュリティを提供するが、このシナリオでは過剰な構成となる。UDRはトラフィックのルーティング制御のための機能であり、アクセス制御には直接使用しない。Azure Front DoorはグローバルHTTPロードバランサーであり、仮想ネットワークへの直接的なインバウンド制御の用途には適さない。したがって最も適切なのはNSGである。|AZ-104 / Azure ネットワークセキュリティ|Azure::Networking Azure::NSG Azure::VirtualNetwork Security::NetworkAccessControl
Azure サブスクリプションのコンプライアンスレポートを作成する必要がある。リソースを部門や組織タグでグループ化して整理し、コンプライアンス報告を可能にしたい。この要件を満たすために導入すべきソリューションはどれか。|Azure リソース グループとロールアサインメント|Azure 管理グループおよびポリシー|Azure タグおよび Azure ポリシー|Azure Active Directory (Azure AD) 管理単位|||||C|Azure タグはキーと値のペアでリソースにメタデータを付与する機能であり、Department=Finance や Environment=Prod のように部門や用途でリソースを分類できる。これにより、Azure Cost Management やレポート機能でタグ単位の集計や分析が可能になる。Azure ポリシーは組織のガバナンスルールを適用し、必須タグの存在を監査したり、タグがないリソース作成を拒否したり、自動でタグを付与することができるため、組織全体のコンプライアンス管理を実現できる。リソースグループとロールアサインメントはリソース管理やアクセス制御のための機能であり、タグベースの分類やコンプライアンスレポートの仕組みは提供しない。管理グループはサブスクリプション管理用であり、リソース単位のタグ分類には適さない。Azure AD 管理単位はユーザーやグループ管理の機能でありAzureリソース管理には使用しない。したがって正解はAzureタグとAzureポリシーである。|AZ-104 / Azure ガバナンス|Azure::Policy Azure::Tags Azure::Governance Cloud::ResourceManagement
Azure Active Directory 環境のセキュリティを強化するため、ユーザーの地理的位置に基づいて機密リソースへのアクセスを制限したい。また、企業ネットワーク外からアクセスする場合は多要素認証(MFA)を必須にし、信頼できる場所には例外を設定する必要がある。この高度なアクセスポリシーを実装するために使用すべき Azure AD 機能はどれか。|Azure AD 条件付きアクセス|Azure AD 条件付きアクセス|Azure AD アイデンティティガバナンス|Azure AD アプリケーションプロキシ|||||A|Azure AD 条件付きアクセスは、ユーザー・場所・デバイス状態・リスクレベルなどの条件に基づいてアクセス制御ポリシーを適用できる機能である。これにより、特定の国やIP範囲などの地理的位置に基づくアクセス制御や、企業ネットワーク外からのアクセス時に多要素認証(MFA)を要求するポリシーを設定できる。また、信頼できる場所を定義して例外を設定することも可能であり、既存のセキュリティ監視ツールとも統合できる。Azure AD Identity Governance はアクセスレビューやライフサイクル管理を目的とした機能であり、リアルタイムのアクセス条件制御ではない。Azure AD Application Proxy はオンプレミスアプリへの安全なリモートアクセスを提供する機能であり、地理的位置やMFA条件に基づくアクセスポリシーを直接実装するものではない。したがって正解はAzure AD 条件付きアクセスである。|AZ-104 / Azure AD セキュリティ|Azure::ActiveDirectory Azure::ConditionalAccess Azure::MFA Security::IdentityAccess
Azure サブスクリプション内に複数のリソースが存在する。新しい Azure Resource Manager (ARM) デプロイメントの月次レポートを作成する必要がある。デプロイメントに関するデータを収集してレポートを作成するために使用すべきソリューションはどれか。|Azure アクティビティログ|Azure Monitor メトリクス|Azure Log Analytics|Azure コスト管理 + 請求|||||A|Azure アクティビティログは、Azure サブスクリプションレベルで実行される管理操作（リソースの作成、更新、削除など）を記録するプラットフォームログである。ARM テンプレートによるデプロイメントやリソースの変更操作も記録されるため、いつ・誰が・どのリソースをデプロイしたかを追跡できる。これらのログはフィルタリングやエクスポートが可能であり、月次レポート作成に利用できる。Azure Monitor メトリクスはCPU使用率などのパフォーマンスデータを収集するサービスであり、デプロイメント履歴の追跡には使用しない。Azure Log Analytics はログ分析のためのワークスペースであり、アクティビティログなどを分析するための基盤ではあるが、ARMデプロイメントイベントの元データではない。Azure コスト管理 + 請求はコスト分析用のサービスであり、デプロイメント履歴のレポート作成には適していない。したがって正解は Azure アクティビティログである。|AZ-104 / Azure リソース管理|Azure::ActivityLog Azure::ARM Azure::ResourceManager Cloud::Monitoring
複数の部門を持つ大規模組織向けに Azure 環境を設計している。各部門は異なるレベルのアクセス制御とガバナンス要件を持っており、組織ポリシーに準拠しながらリソースを管理する必要がある。このシナリオで管理グループとリソースグループを組み合わせて使用する主な利点はどれか。|組織内のすべてのリソースに対して中央集権的な請求管理とコスト管理を可能にする|複数レベルでポリシーやアクセス制御を適用でき、部門間で一貫したガバナンスを実現できる|Azure 環境のアプリケーションに対して自動スケーリングと負荷分散を提供する|すべての部門に対してワンクリックでリソースをプロビジョニングできる|||||B|Azure 管理グループは複数のサブスクリプションを階層構造で整理し、Azure Policy や RBAC などのガバナンス設定を上位レベルから適用できる機能である。これにより、組織全体や部門単位でポリシーを一貫して適用できる。一方、リソースグループはサブスクリプション内で関連するリソースをまとめるコンテナであり、リソース単位のライフサイクル管理やアクセス制御を実現する。管理グループとリソースグループを組み合わせることで、組織レベル・サブスクリプションレベル・リソースレベルの複数階層でポリシーとアクセス制御を適用でき、大規模組織でも一貫したガバナンスを維持できる。コスト管理は主目的ではなく、自動スケーリングやデプロイ自動化とも直接関係しないため他の選択肢は不適切である。|AZ-104 / Azure ガバナンス|Azure::ManagementGroups Azure::ResourceGroups Azure::Policy Azure::RBAC Cloud::Governance
Azure 上でサーバーレスアーキテクチャを設計し、アプリケーションログから特定のエラーパターンを定期的に監視する必要がある。エラーが検出された場合は是正措置のための自動承認ワークフローを起動し、さらに堅牢なログ取得と監査機能を備えなければならない。この要件を満たすために組み合わせて使用すべき Azure サービスはどれか。|Azure Logic Apps、Azure Functions、および Azure Monitor|Azure Event Grid、Azure Automation、および Azure Storage|Azure Functions、Azure Service Bus、および Azure Application Insights|Azure API Management、Azure Batch、および Azure DevOps|||||A|Azure Functions はサーバーレスコンピューティングサービスであり、ログ処理やエラーパターンの検出などのコードをイベント駆動で実行できる。Azure Logic Apps はワークフロー自動化サービスであり、エラー検出時に承認プロセスや修復処理などの自動ワークフローを簡単に構築できる。Azure Monitor はログ収集、メトリクス監視、アラート生成を提供し、Log Analytics を利用してログクエリや監査を実行できるため、システム全体の監視と監査要件を満たすことができる。Event Grid や Service Bus はイベント通知やメッセージング用途であり、ワークフロー自動化やログ分析を直接提供するわけではない。API Management や Batch、DevOps はAPI管理やバッチ処理、CI/CD用途のサービスであり、このシナリオのサーバーレスログ監視と自動ワークフロー要件には適さない。したがって正解は Azure Logic Apps、Azure Functions、Azure Monitor の組み合わせである。|AZ-204 / Azure サーバーレスアーキテクチャ|Azure::Functions Azure::LogicApps Azure::Monitor Azure::Serverless Cloud::Monitoring
異なるリージョンに存在する複数の Azure 仮想ネットワーク (VNet) 間で、安全かつ効率的な通信を確立する必要がある。ネットワーク同士が単一のネットワークのように通信し、高いセキュリティとパフォーマンスを維持しながらデータ転送を行えるようにしたい。このシナリオにおける VNet Peering の主な利点を最も正確に説明しているものはどれか。|仮想ネットワーク間のトランジットルーティングを可能にし、ハブネットワーク経由の間接通信を提供する|すべてのピアリングされた仮想ネットワークで単一のIPアドレス空間を共有し、ネットワーク管理を簡素化する|Azure Firewall を自動的に統合し、すべてのネットワークで統一されたセキュリティポリシーを提供する|パブリックインターネットを経由しない直接のプライベート接続を提供し、外部脅威への露出を減らす|||||D|VNet Peering は Azure 仮想ネットワーク同士を直接接続する機能であり、通信は Azure のバックボーンネットワークを通じて行われる。そのためトラフィックはパブリックインターネットを経由せず、低遅延かつ高帯域の通信が可能になる。また、インターネットを通らないため外部攻撃のリスクを低減でき、セキュリティ面でも優れている。VNet Peering 自体はトランジティブルーティングを提供しないため、ハブネットワーク経由の通信を自動的に可能にするわけではない。さらに各 VNet は独自の IP アドレス空間を維持する必要があり、単一のアドレス空間を共有するわけではない。Azure Firewall との統合も自動ではなく、別途構成が必要である。したがって正しい説明は「パブリックインターネットを経由しない直接のプライベート接続を提供する」である。|AZ-104 / Azure ネットワーク|Azure::VirtualNetwork Azure::VNetPeering Azure::Networking Security::NetworkArchitecture
Linux と Windows の両方を実行している 400 台の Azure 仮想マシンを管理している。システムメトリクスとカスタムアプリケーションログを監視しながら、ログデータをスケーラブルかつ集中管理できるようにしたい。仮想マシンにインストールすべきエージェントはどれか。|Azure Monitor エージェント (AMA)|Azure 診断拡張機能|Azure セキュリティエージェント|Azure Network Watcher エージェント|||||A|Azure Monitor エージェント (AMA) は、Windows と Linux の両方の仮想マシンからメトリクスやログを収集し、Azure Monitor や Log Analytics ワークスペースに送信するための推奨エージェントである。大規模環境でもスケーラブルにログ収集を行うことができ、システムメトリクスだけでなくカスタムアプリケーションログの収集も可能である。Azure 診断拡張機能は旧来のログ収集手法であり、大規模かつ柔軟なログ管理には適していない。Azure セキュリティエージェントはセキュリティ監視（Defender for Cloud）向けであり、汎用的なログ収集用途ではない。Network Watcher エージェントはネットワーク診断専用であり、システムメトリクスやアプリケーションログ収集には使用しない。したがって正解は Azure Monitor エージェントである。|AZ-104 / Azure 監視|Azure::Monitor Azure::AMA Azure::VirtualMachines Cloud::Monitoring
Azure Active Directory と統合された複数の Web アプリケーションを管理している。組織ではプロジェクト構成やチームメンバーが頻繁に変更されるため、現在のプロジェクト割り当てに基づいて Web アプリケーションへのアクセスを自動的に管理したい。管理負担を最小限に抑えながら、アクセス制御を常に最新のプロジェクト状況と一致させる必要がある。この要件を満たす最適なソリューションはどれか。|Azure AD 特権 ID 管理 (PIM)|Azure AD エンタイトルメント管理|Azure AD Access レビュー|Azure AD ダイナミックグループ|||||D|Azure AD ダイナミックグループは、ユーザー属性（部署、役職、プロジェクトIDなど）に基づいたルールを定義することで、グループメンバーシップを自動的に更新できる機能である。ユーザー属性が変更されるとグループメンバーシップも自動更新されるため、プロジェクトメンバー変更に伴うアクセス権更新を自動化でき、管理負担を大幅に削減できる。Azure AD PIM は管理者などの特権ロールの一時的な昇格管理のための機能であり、通常ユーザーのアプリケーションアクセス管理には適さない。Azure AD エンタイトルメント管理はアクセスパッケージによるアクセス申請と承認の仕組みであり、頻繁に変化するプロジェクト構成にリアルタイムで追従する仕組みではない。Access レビューは既存アクセスの定期確認機能であり、自動的なアクセス割り当てには使用されない。したがって正解は Azure AD ダイナミックグループである。|AZ-104 / Azure AD アクセス管理|Azure::ActiveDirectory Azure::DynamicGroups Azure::RBAC Security::IdentityAccess
オンプレミスのファイルサーバーに、めったにアクセスされない 500GB の企業ファイルがある。これらを Azure に移行する予定である。ソリューションは、リクエスト後 24 時間以内にファイルへアクセス可能であり、ストレージコストを最小化する必要がある。これらの要件を満たす Azure ストレージソリューションはどれか。(2つ選択)|アーカイブアクセス層を持つ汎用 v2 ストレージアカウント|クールアクセス層を持つ汎用 v2 ストレージアカウント|ホットアクセス層を持つ汎用 v2 ストレージアカウント|クールアクセス層を持つ Blob ストレージアカウント|||||B D|クールアクセス層は、めったにアクセスされないデータ向けに設計されたストレージ階層であり、ホット層よりも低コストで保存できる。データはオンライン状態のまま保持されるため、通常は数分から数時間以内に取得可能であり、「24時間以内にアクセス可能」という要件を満たす。したがって、クールアクセス層を使用する汎用 v2 ストレージアカウントと Blob ストレージアカウントの両方が適している。一方、アーカイブ層は取得前に再水和（rehydration）が必要で、最大で数時間から最大 15 時間以上かかる場合があり、すぐにアクセスできるオンライン層ではないため運用に適さない。ホット層は即時アクセスが可能だがストレージコストが高く、「コストを最小化する」という要件に適さない。したがって正解はクール層を利用する B と D である。|AZ-104 / Azure Storage|Azure::Storage Azure::BlobStorage Azure::AccessTiers Cloud::StorageManagement
複数の部門を持つ組織の Azure 環境を設計している。各部門は独自のリソース要件、コンプライアンス要件、およびアクセス管理を持つ複数のサブスクリプションを使用している。中央からガバナンスを管理しつつ、権限を各部門に委任し、ポリシーを大規模に適用できる仕組みが必要である。この要件を最も効果的に満たすソリューションはどれか。|Azure 管理グループ|Azure ポリシーの割り当て|Azure リソース ロック|Azure ブループリント|||||A|Azure 管理グループは、複数の Azure サブスクリプションを階層構造で整理し、ポリシーや RBAC を上位レベルから適用できるガバナンス機能である。管理グループに適用された Azure Policy やアクセス権限は、その配下にあるすべてのサブスクリプションに継承されるため、組織全体のガバナンスを一元的に管理できる。また、RBAC を利用して部門ごとに権限を委任することも可能であり、中央管理と部門ごとの運用の両立が実現できる。Azure Policy の割り当てはガバナンスルールの適用には使用できるが、サブスクリプションを整理する階層構造を提供しない。リソースロックはリソースの削除や変更を防ぐ機能であり、組織レベルのガバナンスには適さない。Azure Blueprints は環境の標準化や初期構成の展開に使用されるが、継続的な階層管理の仕組みではない。したがって正解は Azure 管理グループである。|AZ-104 / Azure ガバナンス|Azure::ManagementGroups Azure::Policy Azure::RBAC Cloud::Governance
複数の Azure リージョンに分散した Web アプリケーションを運用しており、世界中のユーザーに高可用性と低遅延を提供する必要がある。アクセスソリューションは次の要件を満たす必要がある。①過剰または悪意のあるトラフィックを防ぐレート制限、②複数インスタンスへの負荷分散、③リージョン障害時のシームレスなフェイルオーバー。この要件を満たす最適な Azure サービスはどれか。|優先ルーティングと Azure CDN を使用した Azure Traffic Manager|Web アプリケーションファイアウォール (WAF) ポリシー付き Azure Front Door|Azure Load Balancer と Azure 仮想ネットワーク|グローバル VNet ピアリング付き Azure Application Gateway|||||B|Azure Front Door はグローバルレベルのアプリケーション配信サービスであり、複数リージョンに配置されたバックエンドに対してレイヤー7のグローバルロードバランシングを提供する。最寄りのエッジロケーションからトラフィックをルーティングすることで低遅延を実現し、バックエンドのヘルスチェックに基づいて自動フェイルオーバーを行うため、リージョン障害時でもサービス継続が可能である。さらに Web Application Firewall (WAF) を統合することでレート制限ルールを設定でき、悪意あるトラフィックや過剰なリクエストからアプリケーションを保護できる。Azure Traffic Manager は DNS ベースの負荷分散であり、アプリケーションレベルのレート制限や WAF 機能を提供しない。Azure Load Balancer はリージョン内のレイヤー4ロードバランサーであり、グローバル配信には適さない。Application Gateway はリージョン単位のサービスであり、グローバルな負荷分散とフェイルオーバーを提供しない。したがって最適な選択は Azure Front Door と WAF の組み合わせである。|AZ-104 / Azure ネットワーク設計|Azure::FrontDoor Azure::WAF Azure::LoadBalancing Azure::Networking Cloud::HighAvailability
Azure 上で Microsoft SQL Server の高性能ワークロードを実行するソリューションを設計している。最小限の I/O 遅延、高可用性、災害復旧、自動スケーリングをサポートしつつ、Azure のマネージド機能を活用して管理性を高めたい。この要件を満たすために推奨される仮想マシンシリーズとディスクタイプの組み合わせはどれか。|D シリーズ|E シリーズ + プレミアム SSD|M シリーズ + ウルトラディスク|F シリーズ|||||C|M シリーズの仮想マシンは、大規模なメモリを必要とするエンタープライズデータベースや SAP、SQL Server などの高性能ワークロード向けに設計されており、大容量メモリと高いパフォーマンスを提供する。さらに Ultra Disk は Azure で最も高性能なマネージドディスクであり、非常に高い IOPS とスループット、サブミリ秒レベルの低遅延を実現できる。IOPS やスループットを動的に調整できるため、ワークロードの変化に応じてパフォーマンスを最適化できる点も重要である。D シリーズは汎用用途、E シリーズはメモリ最適化だが Ultra Disk と組み合わせた高性能 SQL ワークロードには最適とは言えない。F シリーズは CPU 最適化であり、データベースの I/O 集中型ワークロードには適さない。したがって最適な組み合わせは M シリーズ VM と Ultra Disk である。|AZ-104 / Azure 仮想マシンとストレージ|Azure::VirtualMachines Azure::MSeries Azure::UltraDisk Azure::SQLServer Cloud::PerformanceOptimization
グローバルな e コマースアプリケーションを Azure 上で開発している。世界中のユーザーが製品カタログデータへ高速にアクセスできる必要があり、多数のトランザクションを処理しながら ACID トランザクションをサポートし、データ整合性を維持する必要がある。また、変動するワークロードへの自動スケーリングと柔軟なクエリ機能も必要である。この要件を満たす Azure Cosmos DB API はどれか。|Gremlin API|Table API|SQL API|Cassandra API|||||C|Azure Cosmos DB の SQL API (Core API) はドキュメントデータモデルを使用し、SQL に似たクエリ言語で柔軟なデータ検索を実行できる。Cosmos DB はグローバル分散、低遅延アクセス、自動スケーリングを提供し、e コマースのようなトランザクション量が多いアプリケーションに適している。また、単一パーティション内では ACID トランザクションをサポートし、データ整合性を維持できる。Gremlin API はグラフデータ向け、Table API は単純なキー値データ向け、Cassandra API は Cassandra ワークロード互換の分散データベース用途であり、柔軟なクエリやドキュメントベースのカタログ管理には SQL API が最も適している。|AZ-204 / Azure Cosmos DB|Azure::CosmosDB Azure::CosmosDBSQLAPI Database::NoSQL Cloud::Scalability
Azure に仮想マシンをデプロイしてミッションクリティカルなアプリケーションを実行する予定である。VM にはカスタムストレージ構成や強化されたセキュリティ設定が必要であり、すべての VM が組織のセキュリティ標準に準拠していることを保証する必要がある。この要件を満たす最適なアプローチはどれか。|Azure Policy を使用してコンプライアンスルールを定義する|Azure DevOps を使用して VM の作成を自動化する|VM 展開後にセキュリティ設定を手動で構成する|Azure Resource Manager テンプレートを使用して仮想マシンをデプロイする|||||A|Azure Policy は Azure リソースが組織のガバナンスおよびセキュリティ基準に準拠しているかを評価・強制するサービスである。ポリシーを定義することで、特定の VM サイズ、ディスクタイプ、暗号化設定などの構成ルールを強制でき、非準拠のリソース作成を拒否したり、自動修復を実行することも可能である。これにより、すべての VM が組織のセキュリティ標準に従うことを継続的に保証できる。Azure DevOps はデプロイ自動化には有効だがコンプライアンスを強制する仕組みではない。手動設定はミスが発生しやすくスケーラブルではない。ARM テンプレートは標準化されたデプロイを実現できるが、継続的なコンプライアンス管理は提供しない。そのため最適な方法は Azure Policy を使用することである。|AZ-104 / Azure ガバナンス|Azure::Policy Azure::Governance Azure::VirtualMachines Security::Compliance
Azure 環境で接続文字列や API キーなどの機密構成データを管理している。これらのデータは安全に保存され、特定のアプリケーションのみがプログラムから取得できる必要がある。また、ユーザー認証情報に依存せず、手動操作を必要としない自動的で安全なアクセス方法を実装する必要がある。この要件を満たす最適なアプローチはどれか。|アプリケーションのマネージド ID に対するアクセスポリシーを設定した Azure Key Vault を使用する|RBAC をユーザーアカウントに適用した Azure App Configuration に設定データを保存する|共有アクセス署名 (SAS) を使用して Azure Storage からデータにアクセスする|Azure Policy を使用して機密データを含むストレージアカウントに暗号化を適用する|||||A|Azure Key Vault は API キー、接続文字列、証明書などの機密データを安全に保存・管理するための専用サービスである。Azure のマネージド ID を利用すると、アプリケーションは資格情報をコードに保存することなく Azure AD を通じて認証される。Key Vault にアクセスポリシーまたは RBAC を設定することで、特定のアプリケーションのマネージド ID のみがシークレットを取得できるように制御できる。これによりユーザー資格情報を使用せずにプログラムから安全にデータを取得でき、運用の自動化とセキュリティを両立できる。Azure App Configuration は一般的な設定管理向けであり機密情報の保護用途には Key Vault が推奨される。SAS はストレージアクセス用でシークレット管理には適さない。Azure Policy はガバナンス機能であり、機密データの安全な取得を提供する仕組みではない。したがって最適解は Azure Key Vault とマネージド ID の組み合わせである。|AZ-104 / Azure セキュリティ|Azure::KeyVault Azure::ManagedIdentity Azure::Security Security::SecretsManagement
Azure 上で 100MB ～ 10GB の大容量ビデオファイルを保存・配信するスケーラブルなアプリケーションを設計している。アプリケーションは高可用性を維持しながら、動画ストリーミングに最適な読み取りパフォーマンスを提供し、ストレージコストを最小化する必要がある。この要件を最も効果的に満たすストレージオプションと戦略の組み合わせはどれか。|ホットアクセス層の Azure Blob Storage を使用し、キャッシュのために Azure CDN を有効化する|プレミアムパフォーマンス層の Azure Files を使用し、Geo-redundant Storage (GRS) を構成する|階層型名前空間を持つ Azure Data Lake Storage Gen2 を使用し、Azure Front Door を構成する|Azure SQL Database にファイルストレージを保存し、読み取りレプリカを使用する|||||A|Azure Blob Storage は大規模な非構造化データ（動画・画像・ログなど）を保存するために設計されたストレージサービスであり、ペタバイト規模までスケール可能である。動画ストリーミングのように頻繁にアクセスされるデータにはホットアクセス層が適しており、低遅延で高い読み取りスループットを提供する。さらに Azure CDN を使用すると、世界中のエッジロケーションにコンテンツをキャッシュできるため、ユーザーに近い場所から動画を配信でき、遅延を大幅に削減し高可用性を実現できる。また CDN によりオリジンストレージへの直接アクセスが減るため、帯域コストの最適化にもつながる。Azure Files はファイル共有用途であり大規模動画配信には最適ではない。Data Lake Storage Gen2 は主にビッグデータ分析向けである。Azure SQL Database は大容量メディアファイルの保存には適さない。そのため最適な構成は Azure Blob Storage（Hot tier）＋ CDN である。|AZ-104 / Azure ストレージ設計|Azure::BlobStorage Azure::CDN Azure::StorageTiers Cloud::ScalableArchitecture
Azure Kubernetes Service (AKS) 上でマイクロサービスアーキテクチャを実行している。これらのマイクロサービスを利用するアプリケーションは、同じ仮想ネットワーク内の Azure 仮想マシン上で実行されている。ソリューションは次の要件を満たす必要がある。①マイクロサービスへのアクセスを単一のプライベート IP アドレスに制限する、②相互 TLS (mTLS) 認証を使用する、③受信リクエストのレート制限を実装する。この要件を満たすために推奨されるサービスはどれか。|Azure Application Gateway (WAF 付き)|仮想ネットワーク接続を持つ Azure API Management Premium レベル|Azure Front Door と Azure Web Application Firewall (WAF)|サービスエンドポイント付き Azure API Management Standard レベル|||||B|Azure API Management Premium レベルは仮想ネットワーク (VNet) 統合をサポートしており、API をプライベートネットワーク内で公開できるため、単一のプライベート IP アドレスからのアクセス制御を実現できる。また API Management にはポリシーベースのレート制限機能があり、特定期間内のリクエスト数を制限できる。さらにクライアント証明書を使用した相互 TLS (mTLS) 認証をサポートしており、クライアントとサーバーの双方を認証することでセキュアな通信を実現できる。Application Gateway はレイヤー7ロードバランサーであり API 管理や高度なレート制御には適さない。Azure Front Door はインターネット向けのグローバルサービスでありプライベート VNet 要件を満たさない。API Management Standard は VNet 統合をサポートしないため要件を満たさない。したがって最適な選択は Azure API Management Premium である。|AZ-204 / Azure マイクロサービス|Azure::AKS Azure::APIManagement Azure::mTLS Azure::Networking Cloud::Microservices
Azure でバックアップやメディアファイルなどの大規模データセットを保存するストレージソリューションを設計している。ソリューションは、地域的な障害が発生した場合でもデータへのアクセスを維持し、高可用性と高耐久性を提供する必要がある。また、事業継続のために復旧時間を最小限に抑える必要がある。これらの要件を満たすために導入すべき構成はどれか。|読み取りアクセス付き Geo-Zone-Redundant Storage (GZRS) を構成する|リージョン単位の災害復旧のために Azure Site Recovery を実装する|ホットアクセス層の Azure Blob Storage を使用し、クロスリージョンレプリケーションを有効にする|Geo 冗長性とライフサイクル管理ポリシーを使用して Azure Archive Storage を構成する|||||A|Geo-Zone-Redundant Storage (GZRS) は、同一リージョン内の複数の可用性ゾーンにデータを同期レプリケーションし、さらに別リージョンへ非同期レプリケーションを行うことで高可用性と高耐久性を実現するストレージ冗長構成である。読み取りアクセス (RA-GZRS) を有効にすると、セカンダリリージョンからも読み取りアクセスが可能になるため、リージョン障害時でもデータにアクセスでき、復旧時間を最小化できる。Azure Site Recovery は仮想マシンやアプリケーションのディザスタリカバリー用途であり、ストレージ冗長性のソリューションではない。単純な Blob Storage とクロスリージョンレプリケーションでは即時読み取りアクセスが保証されない。Archive Storage は長期保管向けであり、迅速なアクセスや復旧には適さない。したがって最適な構成は読み取りアクセス付き GZRS である。|AZ-104 / Azure ストレージ可用性|Azure::Storage Azure::GZRS Azure::DisasterRecovery Cloud::HighAvailability
5 万台の IoT デバイスから温度データをリアルタイムで Azure に送信するソリューションを設計している。データは毎秒書き込まれ、リアルタイムで可視化する必要がある。データを保存し、効率的にクエリするために推奨される Azure サービスはどれか。(2つ選択)|Azure Table Storage|Azure Cosmos DB SQL API|Azure Time Series Insights|Azure Data Lake Storage Gen2|||||B C|Azure Cosmos DB SQL API は大規模なリアルタイムデータ取り込みに対応できる分散 NoSQL データベースであり、高スループットの書き込みと低遅延のクエリをサポートする。IoT デバイスから毎秒送信される大量のデータをスケーラブルに保存できる。Azure Time Series Insights は IoT やセンサーなどの時系列データを分析・可視化するために設計されたサービスであり、リアルタイムのデータ探索、トレンド分析、ダッシュボード作成を容易にする。Azure Table Storage は単純なキー値データ向けで高度なリアルタイム分析に適さない。Azure Data Lake Storage Gen2 は大規模データ分析やバッチ処理向けであり、リアルタイム可視化用途には最適ではない。したがって最適な組み合わせは Cosmos DB SQL API と Time Series Insights である。|AZ-204 / Azure IoT データ処理|Azure::CosmosDB Azure::TimeSeriesInsights Azure::IoT Cloud::RealTimeAnalytics
トラフィックが変動する Web アプリケーションを Azure 仮想マシン上で実行している。アプリケーションは需要に応じて自動的にスケールする必要がある。CPU 使用率に基づいて仮想マシン数が自動的に増減するようにするには、どのようにスケーリングを構成すべきか。|自動スケーリングの CPU 使用率しきい値を設定する|ネットワークトラフィックベースのスケーリングを使用する|ディスク使用量に基づくスケーリングポリシーを設定する|スケーリングを使用せず最大数の仮想マシンを設定する|||||A|Azure Virtual Machine Scale Sets や Azure Monitor Autoscale を使用すると、CPU 使用率などのメトリックに基づいて自動スケーリングルールを設定できる。例えば平均 CPU 使用率が 70% を超えた場合に VM を追加し、30% 未満になった場合に VM を削減するようなルールを設定できる。これによりトラフィック増加時には自動的に VM をスケールアウトし、負荷が減少した場合にはスケールインしてコストを最適化できる。ネットワークトラフィックやディスク使用率は必ずしもアプリケーション処理負荷を正確に反映しないため一般的なスケーリング指標ではない。最大 VM 数を固定する方法では動的スケーリングができないため要件を満たさない。したがって最適な構成は CPU 使用率しきい値を使用した自動スケーリングである。|AZ-104 / Azure スケーリング|Azure::VirtualMachineScaleSets Azure::Autoscale Azure::Monitoring Cloud::Scalability
Azure サブスクリプションでコスト削減のため、営業時間外に仮想マシンを自動的にシャットダウンしたい。手動操作なしで VM の停止をスケジュールする最適な方法はどれか。|スケジュールされた Runbook を使用して Azure Automation で VM をシャットダウンする|Azure ポータルで手動で VM のシャットダウンを設定する|時間トリガーの Azure Functions を作成する|Azure Logic Apps を使用してカレンダーイベントで VM シャットダウンを実行する|||||A|Azure Automation の Runbook をスケジュール実行することで、指定した時間に仮想マシンの停止や起動などの運用タスクを自動化できる。例えば営業時間終了後に VM を停止し、翌朝起動するスクリプトを設定することで、手動操作なしにコスト削減を実現できる。Runbook は PowerShell や Python で作成でき、スケジュール設定により定期実行が可能。Azure Functions や Logic Apps でも実装は可能だが、VM 運用タスクのスケジュール自動化には Azure Automation が最も一般的で管理もしやすい。手動シャットダウンは自動化要件を満たさない。|AZ-104 / Azure Automation|Azure::Automation Azure::Runbook Azure::VirtualMachines Cloud::CostManagement
複数の Azure 仮想ネットワークが異なるリージョンに存在している。これらのネットワーク間で安全に通信でき、あたかも 1 つのネットワークのように接続したい。この要件を満たすために VNet Peering を使用する主な利点は何か。|仮想ネットワーク間で低遅延かつ高帯域の通信を提供する|通信用の IP アドレスを自動的に割り当てる|オンプレミスから Azure 仮想ネットワークへの直接ルーティングを提供する|リージョン間コンテンツ配信の接続を最適化する|||||A|Azure Virtual Network Peering は、2 つ以上の VNet を Azure バックボーンネットワーク経由で直接接続する機能である。ピアリングされた VNet は、同じネットワーク内にあるかのようにプライベート IP を使って通信できる。通信はパブリックインターネットを経由しないため、低遅延かつ高帯域の通信が可能であり、セキュリティも高い。IP アドレスは自動割り当てされるわけではなく、各 VNet のアドレス空間は事前に定義する必要がある。オンプレミス接続は VPN Gateway や ExpressRoute を使用する。CDN はコンテンツ配信最適化のサービスであり VNet Peering の目的ではない。したがって正解は低遅延・高帯域通信を提供することである。|AZ-104 / Azure Networking|Azure::VNet Azure::VNetPeering Azure::Networking Cloud::Architecture
Azure サブスクリプション内に 200 個の Azure SQL Database が存在する。コンプライアンス要件として、すべてのデータベースで Transparent Data Encryption (TDE) が有効であることを保証する必要がある。さらに、非準拠のデータベースを自動修復し、コンプライアンス状態を監査できる仕組みも必要である。これを実現するため、ポリシー定義に含めるべき要素はどれか。|Azure Logic Apps を使用して非準拠データベースの通知を送信する|TDE 状態を評価し自動修復を実行するポリシールール|監査用の Reader 権限を持つカスタムロール|Azure Automation Runbook を使用して TDE を有効化する|||||B|Azure Policy を使用すると、Azure リソースのコンプライアンス状態を評価し、必要に応じて自動修復を実行できる。TDE を強制するポリシーを作成することで、Azure SQL Database の TDE 状態を継続的に評価し、非準拠のデータベースに対しては remediation タスクを実行して自動的に TDE を有効化できる。また Azure Policy のコンプライアンスレポートにより監査も可能であり、Azure Monitor や Logic Apps と組み合わせることで通知も実装できる。Logic Apps 単体では修復ができず、カスタムロールは監査のみで強制力がない。Automation Runbook も修復は可能だがコンプライアンス評価と統合されていないため最適ではない。|AZ-104 / Azure Governance|Azure::Policy Azure::SQLDatabase Azure::Security Azure::Governance
Azure サブスクリプションで新しい Azure Resource Manager (ARM) リソースのデプロイに関するレポートを生成する必要がある。すべての関連操作が記録され、レポートに表示されるようにするにはどのサービスを使用すべきか。|Azure Monitor|Azure Activity Log|Azure Analysis Services|Azure Event Hubs|||||B|Azure Activity Log は、Azure サブスクリプション内で実行されたすべての管理操作（リソースの作成、更新、削除など）を記録するプラットフォームログである。ARM テンプレートやポータル、CLI、PowerShell を通じたデプロイ操作もすべて記録されるため、リソースデプロイ履歴のレポート作成に最適である。ログには操作時間、実行ユーザー、操作種類、成功・失敗などの詳細なメタデータが含まれる。また Log Analytics や Storage、Event Hubs にエクスポートして分析やレポートを作成できる。Azure Monitor は主にメトリックやログ監視用、Analysis Services は分析モデル用、Event Hubs はイベントストリーミング用であり、ARM デプロイ操作の監査ログ用途には適さない。|AZ-104 / Azure Monitoring|Azure::Monitoring Azure::ActivityLog Azure::ResourceManager Cloud::Governance
Azure Functions を使用して Azure サブスクリプションのアクティビティログを読み取るアプリケーションを開発している。管理オーバーヘッドを最小化しつつ Azure Functions が安全に認証できるようにするには、どの認証方法を使用すべきか。|Azure AD のアプリケーション登録|Azure マネージド アイデンティティ|共有アクセス署名 (SAS)|クライアントシークレットを持つサービスプリンシパル|||||B|Azure Managed Identity は Azure リソース（Azure Functions など）に対して自動的に ID を提供し、Azure AD を使用して他の Azure サービスへ安全に認証できる仕組みである。資格情報（クライアントシークレットや証明書）をコードや構成に保存する必要がなく、Azure が資格情報の作成・管理・ローテーションを自動的に処理するため管理負荷が最小になる。RBAC ロールを Managed Identity に割り当てることで Activity Log などの Azure リソースへ安全にアクセスできる。アプリ登録やサービスプリンシパルはクライアントシークレット管理が必要であり運用負荷が増える。SAS は Storage 向けの認証方式であり Azure Activity Log へのアクセス用途には適さない。|AZ-204 / Azure Identity|Azure::ManagedIdentity Azure::Functions Azure::Authentication Azure::Security
大規模な Azure 環境で Azure Policy を使用したガバナンスを設計している。Azure Policy の定義を割り当てることができるスコープはどれか。4つ選択せよ。|管理グループ|サブスクリプション|リソースグループ|リソース|リソースの計算|Azure AD 管理単位|||A B C D|Azure Policy は Azure リソースのガバナンスを実施するためのサービスであり、ポリシー定義やポリシー割り当ては Azure のリソース階層に基づくスコープに適用できる。割り当て可能なスコープは「管理グループ」「サブスクリプション」「リソースグループ」「個別リソース」の4つである。管理グループに割り当てるとその配下のすべてのサブスクリプションに継承され、サブスクリプションに割り当てると配下のすべてのリソースグループとリソースに適用される。リソースグループ単位や個別リソース単位でも割り当てが可能である。一方、特定のリソースタイプ（例：Compute）単位や Azure AD 管理単位は Azure Policy の割り当てスコープではない。|AZ-104 / Azure Governance|Azure::Policy Azure::Governance Azure::ManagementGroups Azure::RBAC
既存の Azure Virtual WAN 環境に ExpressRoute 接続を実装する必要がある。現在のサブスクリプションでは Basic Virtual WAN を使用している。Virtual WAN に ExpressRoute 接続を作成するための最初のステップはどれか。|必要なリージョンにハブ仮想ネットワークを作成する|ExpressRoute Premium アドオンを有効にする|Virtual WAN を Standard にアップグレードする|同じリージョンで ExpressRoute 回線を作成する|||||C|Azure Virtual WAN の Basic SKU は ExpressRoute 接続をサポートしていない。ExpressRoute を Virtual WAN に接続するには Standard Virtual WAN が必要である。そのため ExpressRoute 回線を接続する前に Virtual WAN を Standard SKU にアップグレードする必要がある。ExpressRoute 回線はその後作成して接続する。ハブ仮想ネットワーク作成や Premium アドオンは必須条件ではなく、Basic SKU のままでは ExpressRoute を使用できないため、最初のステップは Virtual WAN を Standard にアップグレードすることである。|AZ-104 / Azure Networking|Azure::VirtualWAN Azure::ExpressRoute Azure::Networking Cloud::Architecture
Azure Databricks を使用して Azure Data Lake Storage Gen2 に保存された大規模データを処理する予定である。データは安全にアクセスされる必要があり、特定ディレクトリへのアクセス権は許可されたデータエンジニアのみに付与する必要がある。この要件を満たす Databricks SKU はどれか。|Standard|Premium|Enterprise|Hyperscale|||||B|Azure Databricks Premium SKU はロールベースアクセス制御 (RBAC)、Azure Active Directory 統合、クラスターアクセス制御などの高度なセキュリティ機能を提供する。これによりユーザーやグループ単位で権限を管理でき、Azure Data Lake Storage Gen2 の特定ディレクトリに対するアクセスを許可されたデータエンジニアのみに制限できる。Standard SKU にはこれらの高度なアクセス制御機能が含まれていない。Enterprise や Hyperscale はより高度または特殊な用途向けであり、この要件には Premium が最適である。|DP-203 / Azure Databricks|Azure::Databricks Azure::DataLakeGen2 Azure::Security Azure::RBAC
Azure AD 認証を使用する Web アプリ (App2) を展開する予定である。App2 は特定の信頼された IP 範囲からのみアクセス可能にする必要がある。また、ユーザーが企業ネットワークに既にサインインしている場合は追加認証を求められてはならない。この要件を満たすソリューションはどれか。|Azure Policy|Azure AD 条件付きアクセス ポリシー|Azure Network Security Group (NSG)|Azure AD Identity Protection|||||B|Azure AD 条件付きアクセス (Conditional Access) を使用すると、ユーザー、アプリケーション、デバイス、場所 (IP アドレス範囲) などの条件に基づいてアクセス制御ポリシーを定義できる。信頼された IP 範囲を Named Location として定義し、その場所からのみ App2 へのアクセスを許可するポリシーを設定できる。また企業ネットワークなどの信頼された場所からのアクセスでは追加認証を不要にすることでシングルサインオンに近いユーザー体験を実現できる。Azure Policy はリソース構成管理用、NSG はネットワークレベルのトラフィック制御、Identity Protection はリスクベース認証であり、IP 条件付きアプリケーションアクセス制御には Conditional Access が最適である。|AZ-104 / Azure Identity|Azure::EntraID Azure::ConditionalAccess Azure::Security Azure::Authentication
50万台の IoT デバイスが毎秒データ（温度・湿度・デバイスIDなど）を送信する IoT ソリューションを設計している。データはほぼリアルタイムで分析・可視化でき、低遅延でスケーラブルである必要がある。この要件を満たす Azure サービスを 2 つ選択せよ。|Azure Stream Analytics|Azure SQL Database|Azure Time Series Insights|Azure Synapse Analytics|||||A C|Azure Stream Analytics はリアルタイムのデータストリーム処理サービスであり、IoT デバイスから継続的に送信される大量データを低遅延で処理できる。SQL に似たクエリを使用してフィルタリング、集計、異常検出などをリアルタイムに実行できる。一方 Azure Time Series Insights は IoT の時系列データを保存・分析・可視化するために最適化されたサービスであり、大量の時系列データの探索やトレンド分析を容易に行える。Stream Analytics で処理したデータを Time Series Insights に送ることでリアルタイム分析と可視化を実現できる。Azure SQL Database はリアルタイムストリーム分析には最適ではなく、Azure Synapse Analytics は主に大規模データ分析やバッチ分析向けである。|AZ-220 / Azure IoT|Azure::StreamAnalytics Azure::TimeSeriesInsights Azure::IoT Azure::DataAnalytics
複数の Azure 仮想ネットワーク (VNet) を異なるリージョン間で接続し、安全に通信できるようにする必要がある。これらのネットワークはあたかも 1 つのネットワークのように動作する必要がある。この要件を満たす Azure 機能はどれか。|Azure VNet Peering|Azure ExpressRoute|Azure VPN Gateway|Azure Application Gateway|||||A|Azure Virtual Network Peering は、2 つ以上の Azure 仮想ネットワークを Azure のバックボーンネットワークを通じて直接接続する機能である。グローバル VNet Peering を使用することで異なるリージョン間の VNet も接続でき、プライベート IP を使用して低遅延・高帯域の通信が可能になる。通信はパブリックインターネットを経由しないためセキュリティも高い。ExpressRoute や VPN Gateway は主にオンプレミス接続用であり、Application Gateway は Web トラフィックのロードバランサーであるため VNet 間接続の目的には適さない。|AZ-104 / Azure Networking|Azure::VNet Azure::VNetPeering Azure::Networking Cloud::Architecture
ハブ & スポーク構成の Azure 仮想ネットワークで、スポーク VNet がハブ VNet 内のリソースへアクセスできる必要がある。ただしスポーク同士は直接通信してはいけない。スポークがハブを経由してアクセスできるようにするために有効にすべきルーティング設定はどれか。|リモートゲートウェイを使用する|転送トラフィックを許可する|ゲートウェイトランジットを許可する|ネットワークセキュリティグループを有効にする|||||C|Azure のハブ & スポークアーキテクチャでは、ハブ VNet に配置された VPN または ExpressRoute ゲートウェイをスポーク VNet が利用できるようにするために「Gateway Transit」を有効化する。ハブ側では Allow gateway transit を有効にし、スポーク側では Use remote gateway を有効にすることで、スポーク VNet はハブを経由してリソースへアクセスできる。これによりスポーク間の直接接続を許可せず、ハブを中心とした集中型ネットワーク設計を実現できる。|AZ-104 / Azure Networking|Azure::Networking Azure::VNetPeering Azure::HubSpoke Azure::GatewayTransit
オンプレミス Hadoop ワークロードと互換性があり、大量の非構造化データを保存でき、きめ細かなアクセス制御を提供し、Azure 分析サービスと統合できるデータレイクを Azure に構築する必要がある。最適なサービスはどれか。|Azure Data Lake Storage Gen2|Azure Data Lake Storage Gen2|Azure Cosmos DB|Azure Databricks|||||A|Azure Data Lake Storage Gen2 は Hadoop Distributed File System (HDFS) 互換の階層型名前空間を提供する Azure のデータレイクサービスである。大量の非構造化データを保存でき、ACL と RBAC によるきめ細かなアクセス制御をサポートする。また Azure Synapse Analytics、Azure Databricks、HDInsight などの分析サービスとネイティブ統合できるため、オンプレミス Hadoop ワークロードの移行とビッグデータ分析に最適である。Cosmos DB は NoSQL データベースであり、Databricks は分析処理エンジンでストレージではない。|Azure Data Platform|Azure::Storage Azure::ADLSGen2 Azure::DataLake Azure::BigData
Azure 仮想マシンのバックアップポリシーを設計している。要件は「毎日のバックアップを30日保持」「週次バックアップを12週間保持」「最小の復旧時間目標 (RTO) を確保」である。これらの要件を満たすためにバックアップポリシーで設定する必要があるものはどれか。|保存ルール|リカバリーポイント目標 (RPO)|レプリケーション設定|アーカイブ階層ポリシー|||||A|Azure Backup ではバックアップの保持期間は Retention Rules (保存ルール) で設定する。保持ポリシーにより「日次バックアップを30日保持」「週次バックアップを12週間保持」などのスケジュールを構成できる。RPO は許容データ損失時間を示す指標であり保持設定ではない。レプリケーション設定は冗長性に関する構成であり、アーカイブ階層ポリシーは長期保管用のストレージ階層管理であるため、この要件には該当しない。|Azure Backup|Azure::Backup Azure::Recovery Azure::Retention Azure::VMBackup
高性能環境で大規模データセットに頻繁にアクセスするストレージソリューションを Azure に設計している。要件は「顧客管理キー (CMEK) による暗号化」「複数アプリケーションからのアクセス」「高度な分析およびビッグデータ処理のサポート」「コスト効率」である。最適な Azure ストレージサービスはどれか。|Azure Data Lake Storage Gen2|Azure Data Lake Storage Gen2|Azure Cosmos DB|Azure Blob Storage|||||A|Azure Data Lake Storage Gen2 は Azure Blob Storage 上に構築されたビッグデータ分析向けストレージで、階層型名前空間により大規模データの高性能アクセスを提供する。Azure Key Vault と統合した顧客管理キー (CMEK) をサポートし、RBAC と ACL による細かなアクセス制御も可能である。また Azure Synapse Analytics、Azure Databricks、HDInsight などの分析サービスとネイティブ統合できるため、大規模データ処理や分析ワークロードに最適である。|Azure Storage|Azure::Storage Azure::ADLSGen2 Azure::BigData Azure::Security
オンプレミスネットワークと複数の Azure 仮想ネットワーク (VNet) 間で安全な通信を行うハイブリッドクラウドを設計している。ソリューションは動的ルーティングをサポートし、将来 Azure サービスの追加にも対応できる必要がある。この要件を満たす VPN ゲートウェイ構成はどれか。|VPN ゲートウェイ付き Azure ExpressRoute|VNet から VNet への VPN ゲートウェイ|BGP 対応サイト間 VPN ゲートウェイ|Azure AD 認証によるポイントツーサイト VPN ゲートウェイ|||||C|BGP 対応サイト間 (Site-to-Site) VPN ゲートウェイはオンプレミスネットワークと Azure VNet 間に安全な IPsec 接続を提供する。BGP (Border Gateway Protocol) を有効にすると動的ルーティングが可能になり、ネットワークルートを自動的に交換できるため複数の VNet や将来追加される Azure サービスとの統合が容易になる。VNet-to-VNet VPN は Azure VNet 同士の接続用であり、ポイントツーサイト VPN は個別クライアント接続向けである。|Azure Networking|Azure::VPN Azure::SiteToSite Azure::BGP Azure::HybridNetworking
オンプレミスネットワークと複数の Azure 仮想ネットワーク (VNet) 間で安全な通信を行うハイブリッドクラウドを設計している。ソリューションは動的ルーティングをサポートし、将来 Azure サービスの追加にも対応できる必要がある。この要件を満たす VPN ゲートウェイ構成はどれか。|VPN ゲートウェイ付き Azure ExpressRoute|VNet から VNet への VPN ゲートウェイ|BGP 対応サイト間 VPN ゲートウェイ|Azure AD 認証によるポイントツーサイト VPN ゲートウェイ|||||C|BGP 対応サイト間 (Site-to-Site) VPN ゲートウェイはオンプレミスネットワークと Azure VNet 間に安全な IPsec 接続を提供する。BGP (Border Gateway Protocol) を有効にすると動的ルーティングが可能になり、ネットワークルートを自動的に交換できるため複数の VNet や将来追加される Azure サービスとの統合が容易になる。VNet-to-VNet VPN は Azure VNet 同士の接続用であり、ポイントツーサイト VPN は個別クライアント接続向けである。|Azure Networking|Azure::VPN Azure::SiteToSite Azure::BGP Azure::HybridNetworking
Azure インフラでデータレジデンシー規制に準拠する必要がある。すべての Azure App Service と Azure PostgreSQL データベースは特定リージョンに配置され、将来作成されるリソースも同じ地域制約に従う必要がある。複数サブスクリプションにわたりコンプライアンスを強制し監視する最も効果的な方法はどれか。|ハードコードされたリージョンパラメータを含む ARM テンプレートを使用する|地域要件を満たさないデプロイを拒否する Azure Policy を単一で作成する|Azure Blueprints を使用してリージョン制約付きのデプロイをパッケージ化する|Azure Policy イニシアチブを管理グループに適用してリージョン制限を強制する|||||D|Azure Policy Initiative を管理グループに割り当てることで、複数のサブスクリプションにまたがるリージョン制限ポリシーを一元管理できる。ポリシーにより許可されたリージョン以外のリソース作成を拒否し、既存リソースのコンプライアンス監査も可能である。管理グループレベルで適用することで組織全体に一貫したガバナンスを提供し、将来のリソース作成にも自動的に適用されるためデータレジデンシー規制の継続的な遵守を実現できる。|Azure Governance|Azure::Policy Azure::ManagementGroups Azure::Governance Azure::Compliance
Azure で高性能コンピューティング (HPC) ソリューションを設計している。要件は「ノード間の低遅延通信」「リアルタイムデータ交換」「ワークロードに応じたノード数の動的スケーリング」「監視と管理による運用効率の最適化」である。これらの要件を満たす Azure サービスと構成を 2 つ選べ。|Azure CycleCloud を使用し HPC 環境をオーケストレーションし InfiniBand を構成する|専用 VM を使用した Azure Batch と CPU 指標ベースのカスタム自動スケーリング|VM サイズを組み合わせた Azure VM Scale Sets と Log Analytics 監視|GPU ノード付き Azure Kubernetes Service と Vertical Pod Autoscaler|||||A,B|Azure CycleCloud は HPC クラスターのプロビジョニング、管理、スケーリングを自動化する Azure の HPC 管理サービスである。InfiniBand を使用することでノード間の低遅延・高帯域通信が可能となり、リアルタイムデータ交換が必要な HPC ワークロードに適している。また Azure Batch は大規模並列処理ジョブの実行とスケジューリングを管理でき、CPU 使用率などのメトリックに基づいたカスタム自動スケーリングによりワークロードに応じてノード数を動的に調整できるため HPC シミュレーションに適している。|Azure HPC|Azure::HPC Azure::CycleCloud Azure::Batch Azure::InfiniBand
ビデオストリーミングプラットフォーム向けのストレージを設計している。要件は「毎秒数千件のリクエストを処理」「大容量動画ファイルの保存と配信に最適化」「高パフォーマンスを維持しつつコスト効率を確保」である。どの Azure Storage アカウントをプロビジョニングするべきか。|プレミアム ブロック ブロブ ストレージ|標準 汎用 v2|Ultra ディスク パフォーマンス付きプレミアム ページ ブロブ|高性能レイヤー付き Azure Files|||||A|プレミアム ブロック ブロブ ストレージは低遅延・高スループットを提供する SSD ベースの Blob Storage であり、大量の同時リクエストと大容量オブジェクト配信に最適化されている。動画ストリーミングのようなワークロードでは、高い IOPS とスループットにより数千のリクエスト/秒を処理できる。ページブロブは主に VHD 用、Azure Files はファイル共有用途であり、標準 GPv2 は汎用用途で高性能ストリーミングには最適化されていない。|Azure Storage|Azure::Storage Azure::BlobStorage Azure::PremiumStorage Azure::MediaStreaming
Azure SQL Database を使用する多層アプリケーションで、特にピーク時に遅延が発生している。応答時間を短縮し、需要に応じて自動的にスケーリングできるソリューションを導入したい。最適なソリューションはどれか。|読み取りスケールアウト付き Azure SQL Database|Azure Front Door|Azure Blob Storage と Azure Data Lake|Durable Functions を使用した Azure Functions|||||A|Azure SQL Database の Read Scale-Out 機能は読み取り専用レプリカにクエリを分散することで読み取り負荷を軽減し、ピーク時のレイテンシーを削減する。読み取りトラフィックを複数のレプリカに分散できるため、アプリケーションの応答時間が向上し、需要に応じたスケールアウトによるパフォーマンス最適化が可能になる。Front Door はトラフィックルーティング、Blob/Data Lake はストレージ、Azure Functions はサーバーレス処理でありデータベースのレイテンシー問題には直接対応しない。|Azure SQL Performance|Azure::SQLDatabase Azure::ReadScaleOut Azure::Performance Azure::Scaling
Linux と Windows を含む 400 台の Azure 仮想マシンを監視するために、システムメトリクスとカスタムアプリケーションログを収集し、高度な分析・アラートを実現し、ログを一元化してコンプライアンス監査にも対応できるスケーラブルなモニタリングを実装したい。どのエージェントをインストールすべきか。|Azure Monitor エージェント (AMA)|Azure Log Analytics エージェント|Azure Application Insights エージェント|Azure Automation エージェント|||||A|Azure Monitor Agent (AMA) は Azure Monitor と Log Analytics と統合され、Windows と Linux の両方からメトリクスやログを収集できる。大規模環境でもスケーラブルで、データは Log Analytics ワークスペースに集約され高度な分析・クエリ・アラートが可能。Log Analytics Agent は旧エージェントであり段階的に廃止予定。Application Insights は主にアプリケーション監視、Automation Agent は自動化用途であり包括的 VM 監視には適さない。|Azure Monitoring|Azure::Monitor Azure::AMA Azure::LogAnalytics Azure::VMMonitoring
Azure AD と統合された複数の Azure Web アプリケーションに対して、ユーザーが所属部門の役割に関連するアプリにのみアクセスできるようにし、部門管理者が定期的にユーザーアクセスを確認し、部署変更や退職時にアクセスを取り消せる仕組みを導入したい。どのソリューションを推奨すべきか。|Azure AD 特権 ID 管理 (PIM)|Azure AD Access Reviews|Azure AD B2B コラボレーション|Microsoft Defender for Identity|||||B|Azure AD Access Reviews はアプリケーションやグループへのユーザーアクセスを定期的にレビューする仕組みを提供し、部門管理者などにレビュー担当を割り当ててアクセス継続または削除を判断できる。これにより役割や部署変更、退職時のアクセス管理を効率的に実施でき、監査ログも保持される。PIM は特権ロール管理、B2B は外部ユーザー共有、Defender for Identity はセキュリティ監視用途であり本要件には適さない。|Azure Identity|Azure::AD Azure::AccessReviews Azure::IAM Azure::Governance
オンプレミスのデータセンターを VPN 接続を使用して複数の Azure Virtual Networks (VNets) に安全に接続するハイブリッドクラウドアーキテクチャを設計する。すべてのトラフィックは暗号化され、将来 VNet が追加されてもスケーラブルである必要がある。どの構成を実装すべきか。|BGP ルーティングを有効にしたサイト間 VPN|各 VNet ごとにポイントツーサイト VPN を構成|オンプレミスと各 VNet 間で VNet ピアリングを構成|ExpressRoute 接続を構成|||||A|BGP を有効にした Site-to-Site VPN は IPsec による暗号化通信を提供し、オンプレミスと Azure VNets 間の安全な接続を実現する。BGP により動的ルーティングが可能になり、新しい VNet を追加してもルート情報が自動更新されるため拡張性が高い。Point-to-Site は個別クライアント接続向け、VNet Peering はオンプレミス接続を提供しない。ExpressRoute は専用回線で暗号化 VPN 要件とは異なりコストも高い。|Azure Networking|Azure::VPN Azure::SiteToSiteVPN Azure::BGP Azure::HybridNetworking
AKS クラスター上で動作する複数のマイクロサービスを含む Web アプリケーションの監視を設計する。サービス間トラフィックの追跡、依存関係追跡、分散トレーシング、パフォーマンス監視、アラートなどを含む包括的なモニタリングが必要である。どのサービスの組み合わせを使用すべきか。|Application Insights と Azure Log Analytics を使用した Azure Monitor|Azure Monitor と Azure Network Watcher、Azure Security Center|Azure Application Gateway (WAF) と Azure Monitor|AKS Diagnostics と Azure Traffic Manager、Application Insights|||||A|Azure Monitor は統合監視プラットフォームを提供し、Application Insights はマイクロサービス環境におけるアプリケーションパフォーマンス監視(APM)、依存関係追跡、分散トレーシング、リクエスト分析、アラートを提供する。Log Analytics は AKS やアプリケーションから収集したログを集中管理し高度なクエリ分析を可能にする。この組み合わせによりマイクロサービス間通信やパフォーマンスをエンドツーエンドで監視できる。|Azure Monitoring|Azure::Monitor Azure::ApplicationInsights Azure::LogAnalytics Azure::AKSMonitoring
Azure App Service と Azure Database for PostgreSQL を複数デプロイする。規制によりすべてのリソースは承認された Azure リージョンにのみ配置され、各 App Service は同じリージョンの対応する PostgreSQL データベースと共存させる必要がある。これらの地域展開要件を効果的に適用する方法はどれか。|Azure リソースロックを適用する|Azure Blueprints で地域展開テンプレートを定義する|Azure Policy イニシアチブでリソースの場所制限と共同配置ポリシーを適用する|RBAC を使用して特定リージョンへの作成権限を制限する|||||C|Azure Policy を使用すると、リソースの location を特定のリージョンに制限するポリシーや関連リソースの配置ルールを定義できる。Policy Initiative を使用すると複数ポリシーをまとめて管理でき、サブスクリプションや管理グループに適用して継続的にコンプライアンスを評価・強制できる。Resource Lock は削除防止、Blueprint はデプロイテンプレート、RBAC はアクセス制御でありリージョン制限の強制には適さない。|Azure Governance|Azure::Policy Azure::PolicyInitiative Azure::Governance Azure::Compliance
複数の仮想マシンでホストされた Web アプリケーションのトラフィックを Azure Application Gateway で管理する。/api、/home、/admin などの URL パスに応じて異なるバックエンドにルーティングし、さらに不健康なインスタンスは自動的にバックエンドプールから除外される必要がある。どの構成を設定すべきか。|カスタムヘルスプローブを使用した URL ベースのルーティング|セッションアフィニティ付きパスベースルーティング|SSL 終了を使用した複数リスナー構成|WAF とトラフィック分析|||||A|Azure Application Gateway の URL ベースルーティングを使用すると、/api や /admin などのパスに基づいて異なるバックエンドプールへトラフィックを振り分けられる。さらにカスタムヘルスプローブを設定することでバックエンド VM の状態を監視し、正常でないインスタンスを自動的にルーティング対象から除外できる。これによりパフォーマンスと可用性を維持できる。|Azure Networking|Azure::ApplicationGateway Azure::URLRouting Azure::HealthProbe Azure::LoadBalancing
Azure App Service と Azure Cosmos DB を複数デプロイする予定であり、すべてのリソースは特定の Azure リージョン内に配置され、App Service と対応する Cosmos DB は同一リージョンに配置される必要がある。これらの地域展開制約を強制するための最適な方法はどれか。|事前定義リージョンを含む ARM テンプレートを使用する|RBAC を使用してリソース作成場所を制限する|Azure Policy イニシアチブでリソースの場所制限と同一リージョン配置を強制する|Azure Blueprints で必要なリソースの場所を定義する|||||C|Azure Policy を使用するとリソースの location を特定リージョンに制限するポリシーを作成でき、Policy Initiative により複数ポリシーをまとめて適用できる。これにより App Service と Cosmos DB のリージョン制約を強制し、継続的なコンプライアンス評価と違反時の拒否や修復が可能になる。ARM テンプレートは展開時のみ制御、RBAC はアクセス制御、Blueprints はテンプレート管理でありリージョン制約の強制には Azure Policy が最適。|Azure Governance|Azure::Policy Azure::PolicyInitiative Azure::Compliance Azure::Governance
グローバルユーザー向けの Web アプリケーションでマルチリージョン構成を設計している。ユーザーの所在地に基づき、トラフィックを最も近い Azure リージョンへ自動的にルーティングして低遅延アクセスを実現する必要がある。どの Azure サービスを使用すべきか。|Azure Traffic Manager|Azure Load Balancer|Azure Application Gateway|Azure Content Delivery Network (CDN)|||||A|Azure Traffic Manager は DNS ベースのグローバルトラフィック分散サービスであり、パフォーマンスルーティングや地理ルーティングを使用してユーザーの場所に最も近い Azure リージョンのエンドポイントへトラフィックを誘導できる。Load Balancer と Application Gateway はリージョン内負荷分散、CDN は静的コンテンツ配信最適化でありグローバルアプリケーションルーティングには適さない。|Azure Networking|Azure::TrafficManager Azure::GlobalRouting Azure::Networking Azure::PerformanceRouting


































































































